/********************************************************
* This script creates the database named  InterCollegiateAthleticDatabase of school 
*********************************************************/


use InterCollegiateAthleticDatabase;
DROP DATABASE IF EXISTS InterCollegiateAthleticDatabase;


CREATE TABLE Customer
(CustNo VARCHAR(8) NOT NULL COMMENT 'Customer number',
CustName VARCHAR(30) NOT NULL COMMENT 'Customer name',
Address VARCHAR(50) NOT NULL COMMENT 'Customer address',
Internal CHAR(1) NOT NULL COMMENT 'Customer type (Yes if internal, No otherwise)',
Contact VARCHAR(35) NOT NULL COMMENT 'Contact person',
Phone VARCHAR(11) NOT NULL COMMENT 'Contact phone number',
City VARCHAR(30) NOT NULL COMMENT 'City',
State VARCHAR(2) NOT NULL COMMENT 'State',
Zip VARCHAR(10) NOT NULL COMMENT 'Zip code',
CONSTRAINT PK_CUSTOMER PRIMARY KEY (CustNo) ) ;



CREATE TABLE Facility
(FacNo VARCHAR(8) NOT NULL COMMENT 'Facility number',
FacName VARCHAR(30) NOT NULL COMMENT 'Facility name',
CONSTRAINT PK_FACILITY PRIMARY KEY (FacNo) );


CREATE TABLE Location
(LocNo VARCHAR(8) NOT NULL COMMENT 'Location number',
FacNo VARCHAR(8) NOT NULL COMMENT 'Facility number',
LocName VARCHAR(30) NOT NULL COMMENT 'Location name',
CONSTRAINT PK_LOCATION PRIMARY KEY (LocNo),
CONSTRAINT FK_FACNO FOREIGN KEY (FacNo) REFERENCES FACILITY (FacNo) );




CREATE TABLE Employee
(EmpNo VARCHAR(8) NOT NULL COMMENT 'Employee number',
EmpName VARCHAR(35) NOT NULL COMMENT 'Employee name',
Department VARCHAR(25) NOT NULL COMMENT 'Department',
Email VARCHAR(30) NOT NULL COMMENT 'electronic mail address',
Phone VARCHAR(10) NOT NULL,
CONSTRAINT PK_EMPLOYEE PRIMARY KEY (EmpNo) ) ;


CREATE TABLE ResourceTbl
(ResNo VARCHAR(8) NOT NULL,
ResName VARCHAR(30) NOT NULL,
Rate DECIMAL(15,4) NOT NULL CHECK (Rate > 0),
CONSTRAINT PK_RESOURCE PRIMARY KEY (ResNo) ) COMMENT 'ORIGINAL NAME:Resource';


CREATE TABLE EventRequest
(EventNo VARCHAR(8) NOT NULL COMMENT 'Event number',
DateHeld DATE NOT NULL COMMENT 'Event date',
DateReq DATE NOT NULL COMMENT 'Date requested',
CustNo VARCHAR(8) NOT NULL COMMENT 'Customer number',
FacNo VARCHAR(8) NOT NULL COMMENT 'Facility number',
DateAuth DATE COMMENT 'Date authorized',
Status VARCHAR(20) NOT NULL COMMENT 'Status of event request' CHECK (Status IN ('Pending', 'Denied',
'Approved')),
EstCost DECIMAL(15,4) NOT NULL COMMENT 'Estimated cost',
EstAudience DECIMAL(11,0) NOT NULL COMMENT 'Estimated audience' CHECK (EstAudience > 0),
BudNo VARCHAR(8) COMMENT 'Budget number',
CONSTRAINT PK_EVENTREQUEST PRIMARY KEY (EventNo),
CONSTRAINT FK_EVENT_FACNO FOREIGN KEY (FacNo) REFERENCES FACILITY (FacNo),
CONSTRAINT FK_CUSTNO FOREIGN KEY (CustNo) REFERENCES CUSTOMER (CustNo) );



CREATE TABLE EventPlan
(PlanNo VARCHAR(8) NOT NULL COMMENT 'Event plan number',
EventNo VARCHAR(8) NOT NULL COMMENT 'Event number',
WorkDate DATE NOT NULL COMMENT 'Work date',
Notes VARCHAR(50),
Activity VARCHAR(50) NOT NULL,
EmpNo VARCHAR(8),
CONSTRAINT PK_EVENTPLAN PRIMARY KEY (PlanNo),
CONSTRAINT FK_EMPNO FOREIGN KEY (EmpNo) REFERENCES EMPLOYEE (EmpNo),
CONSTRAINT FK_EVENTNO FOREIGN KEY (EventNo) REFERENCES EVENTREQUEST (EventNo) );

drop table EventPlanline;
CREATE TABLE EventPlanLine
(PlanNo VARCHAR(8) NOT NULL COMMENT 'Event Event plan number',
LineNo INTEGER NOT NULL COMMENT 'line number',
TimeStart datetime NOT NULL COMMENT 'Time start',
TimeEnd DATEtime NOT NULL COMMENT 'Time end',
NumberFld INTEGER NOT NULL COMMENT 'ORIGINAL NAME:number , Number of resources needed',
LocNo VARCHAR(8) NOT NULL,
ResNo VARCHAR(8) NOT NULL,
 CHECK (TimeStart < TimeEnd), 
CONSTRAINT PK_EVENTPLANLINE PRIMARY KEY (PlanNo, LineNo),
CONSTRAINT FK_LOCNO FOREIGN KEY (LocNo) REFERENCES LOCATION (LocNo),
CONSTRAINT FK_RESNO FOREIGN KEY (ResNo) REFERENCES RESOURCETBL (ResNo),
CONSTRAINT FK_PLANNO FOREIGN KEY (PlanNo) REFERENCES EVENTPLAN (PlanNo) );

CREATE TABLE EventPlanLine
  (PlanNo VARCHAR(8)  NOT NULL, 
   LineNo INTEGER  NULL, 
   TimeStart DATE  NOT NULL, 
   TimeEnd DATE  NULL, 
   NumberFld INTEGER  NULL, 
   LocNo VARCHAR(8) NOT NULL, 
   ResNo VARCHAR(8) NOT NULL,
    CHECK (TimeStart < TimeEnd), 
   CONSTRAINT PK_EVENTPLANLINE PRIMARY KEY (PlanNo, LineNo),
   CONSTRAINT FK_LOCNO FOREIGN KEY (LocNo) REFERENCES LOCATION (LocNo), 
   CONSTRAINT FK_RESNO FOREIGN KEY (ResNo) REFERENCES RESOURCETBL (ResNo), 
   CONSTRAINT FK_PLANNO FOREIGN KEY (PlanNo) REFERENCES EVENTPLAN (PlanNo) );



Insert into CUSTOMER (CUSTNO,CUSTNAME,ADDRESS,INTERNAL,CONTACT,PHONE,CITY,STATE,ZIP) values ('C100','Football','Box 352200','Y','Mary Manager','6857100','Boulder','CO','80309');
Insert into CUSTOMER (CUSTNO,CUSTNAME,ADDRESS,INTERNAL,CONTACT,PHONE,CITY,STATE,ZIP) values ('C101','Men''s Basketball','Box 352400','Y','Sally Supervisor','5431700','Boulder','CO','80309');
Insert into CUSTOMER (CUSTNO,CUSTNAME,ADDRESS,INTERNAL,CONTACT,PHONE,CITY,STATE,ZIP) values ('C103','Baseball','Box 352020','Y','Bill Baseball','5431234','Boulder','CO','80309');
Insert into CUSTOMER (CUSTNO,CUSTNAME,ADDRESS,INTERNAL,CONTACT,PHONE,CITY,STATE,ZIP) values ('C104','Women''s Softball','Box 351200','Y','Sue Softball','5434321','Boulder','CO','80309');
Insert into CUSTOMER (CUSTNO,CUSTNAME,ADDRESS,INTERNAL,CONTACT,PHONE,CITY,STATE,ZIP) values ('C105','High School Football','123 AnyStreet','N','Coach Bob','4441234','Louisville','CO','80027');



Insert into FACILITY (FACNO,FACNAME) values ('F100','Football stadium');
Insert into FACILITY (FACNO,FACNAME) values ('F101','Basketball arena');
Insert into FACILITY (FACNO,FACNAME) values ('F102','Baseball field');
Insert into FACILITY (FACNO,FACNAME) values ('F103','Recreation room');


Insert into LOCATION (LOCNO,FACNO,LOCNAME) values ('L100','F100','Locker room');
Insert into LOCATION (LOCNO,FACNO,LOCNAME) values ('L101','F100','Plaza');
Insert into LOCATION (LOCNO,FACNO,LOCNAME) values ('L102','F100','Vehicle gate');
Insert into LOCATION (LOCNO,FACNO,LOCNAME) values ('L103','F101','Locker room');
Insert into LOCATION (LOCNO,FACNO,LOCNAME) values ('L104','F100','Ticket Booth');
Insert into LOCATION (LOCNO,FACNO,LOCNAME) values ('L105','F101','Gate');
Insert into LOCATION (LOCNO,FACNO,LOCNAME) values ('L106','F100','Pedestrian gate');


Insert into EMPLOYEE (EMPNO,EMPNAME,DEPARTMENT,EMAIL,PHONE) values ('E100','Chuck Coordinator','Administration','chuck@colorado.edu','3-1111');
Insert into EMPLOYEE (EMPNO,EMPNAME,DEPARTMENT,EMAIL,PHONE) values ('E101','Mary Manager','Football','mary@colorado.edu','5-1111');
Insert into EMPLOYEE (EMPNO,EMPNAME,DEPARTMENT,EMAIL,PHONE) values ('E102','Sally Supervisor','Planning','sally@colorado.edu','3-2222');
Insert into EMPLOYEE (EMPNO,EMPNAME,DEPARTMENT,EMAIL,PHONE) values ('E103','Alan Administrator','Administration','alan@colorado.edu','3-3333');


Insert into RESOURCETBL (RESNO,RESNAME,RATE) values ('R100','attendant',10);
Insert into RESOURCETBL (RESNO,RESNAME,RATE) values ('R101','police',15);
Insert into RESOURCETBL (RESNO,RESNAME,RATE) values ('R102','usher',10);
Insert into RESOURCETBL (RESNO,RESNAME,RATE) values ('R103','nurse',20);
Insert into RESOURCETBL (RESNO,RESNAME,RATE) values ('R104','janitor',15);
Insert into RESOURCETBL (RESNO,RESNAME,RATE) values ('R105','food service',10);


Insert into EVENTREQUEST (EVENTNO,DATEHELD,DATEREQ,CUSTNO,FACNO,DATEAUTH,STATUS,ESTCOST,ESTAUDIENCE,BUDNO) values ('E100',str_to_date('25,OCT,18','%d,%b,%y'),str_to_date('06,JUN,18','%d,%b,%y'),'C100','F100',str_to_date('08,JUN,18','%d,%b,%y'),'Approved',5000,80000,'B1000');
Insert into EVENTREQUEST (EVENTNO,DATEHELD,DATEREQ,CUSTNO,FACNO,DATEAUTH,STATUS,ESTCOST,ESTAUDIENCE,BUDNO) values ('E101',str_to_date('26,OCT,18','%d,%b,%y'),str_to_date('28,JUL,18','%d,%b,%y'),'C100','F100',null,'Pending',5000,80000,'B1000');
Insert into EVENTREQUEST (EVENTNO,DATEHELD,DATEREQ,CUSTNO,FACNO,DATEAUTH,STATUS,ESTCOST,ESTAUDIENCE,BUDNO) values ('E103',str_to_date('21,SEP,18','%d,%b,%y'),str_to_date('28,JUL,18','%d,%b,%y'),'C100','F100',str_to_date('01,AUG,18','%d,%b,%y'),'Approved',5000,80000,'B1000');
Insert into EVENTREQUEST (EVENTNO,DATEHELD,DATEREQ,CUSTNO,FACNO,DATEAUTH,STATUS,ESTCOST,ESTAUDIENCE,BUDNO) values ('E102',str_to_date('14,SEP,18','%d,%b,%y'),str_to_date('28,JUL,18','%d,%b,%y'),'C100','F100',str_to_date('31,JUL,18','%d,%b,%y'),'Approved',5000,80000,'B1000');
Insert into EVENTREQUEST (EVENTNO,DATEHELD,DATEREQ,CUSTNO,FACNO,DATEAUTH,STATUS,ESTCOST,ESTAUDIENCE,BUDNO) values ('E104',str_to_date('03,DEC,18','%d,%b,%y'),str_to_date('28,JUL,18','%d,%b,%y'),'C101','F101',str_to_date('31,JUL,18','%d,%b,%y'),'Approved',2000,12000,'B1000');
Insert into EVENTREQUEST (EVENTNO,DATEHELD,DATEREQ,CUSTNO,FACNO,DATEAUTH,STATUS,ESTCOST,ESTAUDIENCE,BUDNO) values ('E105',str_to_date('05,DEC,18','%d,%b,%y'),str_to_date('28,JUL,18','%d,%b,%y'),'C101','F101',str_to_date('01,AUG,18','%d,%b,%y'),'Approved',2000,10000,'B1000');
Insert into EVENTREQUEST (EVENTNO,DATEHELD,DATEREQ,CUSTNO,FACNO,DATEAUTH,STATUS,ESTCOST,ESTAUDIENCE,BUDNO) values ('E106',str_to_date('12,DEC,18','%d,%b,%y'),str_to_date('28,JUL,18','%d,%b,%y'),'C101','F101',str_to_date('31,JUL,18','%d,%b,%y'),'Approved',2000,10000,'B1000');
Insert into EVENTREQUEST (EVENTNO,DATEHELD,DATEREQ,CUSTNO,FACNO,DATEAUTH,STATUS,ESTCOST,ESTAUDIENCE,BUDNO) values ('E107',str_to_date('23,NOV,18','%d,%b,%y'),str_to_date('28,JUL,18','%d,%b,%y'),'C105','F100',str_to_date('31,JUL,18','%d,%b,%y'),'Denied',10000,5000,null);


Insert into EVENTPLAN (PLANNO,EVENTNO,WORKDATE,NOTES,ACTIVITY,EMPNO) values ('P100','E100',str_to_date('25,OCT,18','%d,%b,%y'),'Standard operation','Operation','E102');
Insert into EVENTPLAN (PLANNO,EVENTNO,WORKDATE,NOTES,ACTIVITY,EMPNO) values ('P101','E104',str_to_date('03,DEC,18','%d,%b,%y'),'Watch for gate crashers','Operation','E100');
Insert into EVENTPLAN (PLANNO,EVENTNO,WORKDATE,NOTES,ACTIVITY,EMPNO) values ('P102','E105',str_to_date('05,DEC,18','%d,%b,%y'),'Standard operation','Operation','E102');
Insert into EVENTPLAN (PLANNO,EVENTNO,WORKDATE,NOTES,ACTIVITY,EMPNO) values ('P103','E106',str_to_date('12,DEC,18','%d,%b,%y'),'Watch for seat switching','Operation',null);
Insert into EVENTPLAN (PLANNO,EVENTNO,WORKDATE,NOTES,ACTIVITY,EMPNO) values ('P104','E101',str_to_date('26,OCT,18','%d,%b,%y'),'Standard cleanup','Cleanup','E101');
Insert into EVENTPLAN (PLANNO,EVENTNO,WORKDATE,NOTES,ACTIVITY,EMPNO) values ('P105','E100',str_to_date('25,OCT,18','%d,%b,%y'),'Light cleanup','Cleanup','E101');
Insert into EVENTPLAN (PLANNO,EVENTNO,WORKDATE,NOTES,ACTIVITY,EMPNO) values ('P199','E102',str_to_date('10,DEC,18','%d,%b,%y'),'ABC','Operation','E101');
Insert into EVENTPLAN (PLANNO,EVENTNO,WORKDATE,NOTES,ACTIVITY,EMPNO) values ('P299','E101',str_to_date('26,OCT,18','%d,%b,%y'),null,'Operation','E101');
Insert into EVENTPLAN (PLANNO,EVENTNO,WORKDATE,NOTES,ACTIVITY,EMPNO) values ('P349','E106',str_to_date('12,DEC,18','%d,%b,%y'),null,'Setup','E101');
Insert into EVENTPLAN (PLANNO,EVENTNO,WORKDATE,NOTES,ACTIVITY,EMPNO) values ('P85','E100',str_to_date('25,OCT,18','%d,%b,%y'),'Standard operation','Cleanup','E102');
Insert into EVENTPLAN (PLANNO,EVENTNO,WORKDATE,NOTES,ACTIVITY,EMPNO) values ('P95','E101',str_to_date('26,OCT,18','%d,%b,%y'),'Extra security','Cleanup','E102');





Insert into EVENTPLANLINE (PLANNO,LINENO,TIMESTART,TIMEEND,NUMBERFLD,LOCNO,RESNO) values ('P100',1,str_to_date('2018-10-25 08:00:00'),str_to_date('2018-10-25 017:00:00'),2,'L100','R100');
Insert into EVENTPLANLINE (PLANNO,LINENO,TIMESTART,TIMEEND,NUMBERFLD,LOCNO,RESNO) values ('P100',2,'2018-10-25 12:00:00','2018-10-25 17:00:00', 2,'L101','R101');
Insert into EVENTPLANLINE (PLANNO,LINENO,TIMESTART,TIMEEND,NUMBERFLD,LOCNO,RESNO) values ('P100',3,'2018-10-25 07:00:00','2018-10-25 16:30:00', 1,'L102','R102');
Insert into EVENTPLANLINE (PLANNO,LINENO,TIMESTART,TIMEEND,NUMBERFLD,LOCNO,RESNO) values ('P100',4,'2018-10-25 18:00:00','2018-10-25 22:00:00', 2,'L100','R102');
Insert into EVENTPLANLINE (PLANNO,LINENO,TIMESTART,TIMEEND,NUMBERFLD,LOCNO,RESNO) values ('P101',1,'2018-12-03 18:00:00','2018-12-03 20:00:00', 2,'L103','R100');
Insert into EVENTPLANLINE (PLANNO,LINENO,TIMESTART,TIMEEND,NUMBERFLD,LOCNO,RESNO) values ('P101',2,'2018-12-03 18:30:00','2018-12-03 19:00:00', 4,'L105','R100');
Insert into EVENTPLANLINE (PLANNO,LINENO,TIMESTART,TIMEEND,NUMBERFLD,LOCNO,RESNO) values ('P101',3,'2018-12-03 19:00:00','2018-12-03 20:00:00', 2,'L103','R103');
Insert into EVENTPLANLINE (PLANNO,LINENO,TIMESTART,TIMEEND,NUMBERFLD,LOCNO,RESNO) values ('P102',1,'2018-12-05 18:00:00','2018-12-05 19:00:00', 2,'L103','R100');
Insert into EVENTPLANLINE (PLANNO,LINENO,TIMESTART,TIMEEND,NUMBERFLD,LOCNO,RESNO) values ('P102',2,'2018-12-05 18:00:00','2018-12-05 21:00:00', 4,'L105','R100');
Insert into EVENTPLANLINE (PLANNO,LINENO,TIMESTART,TIMEEND,NUMBERFLD,LOCNO,RESNO) values ('P102',3,'2018-12-05 19:00:00','2018-12-05 22:00:00', 2,'L103','R103');
Insert into EVENTPLANLINE (PLANNO,LINENO,TIMESTART,TIMEEND,NUMBERFLD,LOCNO,RESNO) values ('P103',1,'2018-12-12 18:00:00','2018-12-12 21:00:00', 2,'L103','R100');
Insert into EVENTPLANLINE (PLANNO,LINENO,TIMESTART,TIMEEND,NUMBERFLD,LOCNO,RESNO) values ('P103',2,'2018-12-12 18:00:00','2018-12-12 21:00:00', 4,'L105','R100');
Insert into EVENTPLANLINE (PLANNO,LINENO,TIMESTART,TIMEEND,NUMBERFLD,LOCNO,RESNO) values ('P103',3,'2018-12-12 19:00:00','2018-12-12 22:00:00', 2,'L103','R103');
Insert into EVENTPLANLINE (PLANNO,LINENO,TIMESTART,TIMEEND,NUMBERFLD,LOCNO,RESNO) values ('P104',1,'2018-10-26 18:00:00','2018-10-26 22:00:00', 4,'L101','R104');
Insert into EVENTPLANLINE (PLANNO,LINENO,TIMESTART,TIMEEND,NUMBERFLD,LOCNO,RESNO) values ('P104',2,'2018-10-26 18:00:00','2018-10-26 22:00:00', 4,'L100','R104');
Insert into EVENTPLANLINE (PLANNO,LINENO,TIMESTART,TIMEEND,NUMBERFLD,LOCNO,RESNO) values ('P105',1,'2018-10-25 18:00:00','2018-10-25 22:00:00', 4,'L101','R104');
Insert into EVENTPLANLINE (PLANNO,LINENO,TIMESTART,TIMEEND,NUMBERFLD,LOCNO,RESNO) values ('P105',2,'2018-10-25 18:00:00','2018-10-25 22:00:00', 4,'L100','R104');
Insert into EVENTPLANLINE (PLANNO,LINENO,TIMESTART,TIMEEND,NUMBERFLD,LOCNO,RESNO) values ('P199',1,'2018-12-10 08:00:00','2018-12-10 12:00:00', 1,'L100','R100');
Insert into EVENTPLANLINE (PLANNO,LINENO,TIMESTART,TIMEEND,NUMBERFLD,LOCNO,RESNO) values ('P349',1,'2018-12-10 12:00:00','2018-12-12 15:30:00', 1,'L103','R100');
Insert into EVENTPLANLINE (PLANNO,LINENO,TIMESTART,TIMEEND,NUMBERFLD,LOCNO,RESNO) values ('P85',1,'2018-10-25 09:00:00','2018-10-25 17:00:00',  5,'L100','R100');
Insert into EVENTPLANLINE (PLANNO,LINENO,TIMESTART,TIMEEND,NUMBERFLD,LOCNO,RESNO) values ('P85',2,'2018-10-25 08:00:00','2018-10-25 17:00:00',  2,'L102','R101');
Insert into EVENTPLANLINE (PLANNO,LINENO,TIMESTART,TIMEEND,NUMBERFLD,LOCNO,RESNO) values ('P85',3,'2018-10-25 10:00:00','2018-10-25 15:00:00',  3,'L104','R100');
Insert into EVENTPLANLINE (PLANNO,LINENO,TIMESTART,TIMEEND,NUMBERFLD,LOCNO,RESNO) values ('P95',1,'2018-10-26 08:00:00','2018-10-26 17:00:00',  4,'L100','R100');
Insert into EVENTPLANLINE (PLANNO,LINENO,TIMESTART,TIMEEND,NUMBERFLD,LOCNO,RESNO) values ('P95',2,'2018-10-26 09:00:00','2018-10-26 17:00:00',  4,'L102','R101');
Insert into EVENTPLANLINE (PLANNO,LINENO,TIMESTART,TIMEEND,NUMBERFLD,LOCNO,RESNO) values ('P95',3,'2018-10-26 10:00:00','2018-10-26 15:00:00',  4,'L106','R100');
Insert into EVENTPLANLINE (PLANNO,LINENO,TIMESTART,TIMEEND,NUMBERFLD,LOCNO,RESNO) values ('P95',4,'2018-10-26 13:00:00','2018-10-26 17:00:00', 2,'L100','R103');
Insert into EVENTPLANLINE (PLANNO,LINENO,TIMESTART,TIMEEND,NUMBERFLD,LOCNO,RESNO) values ('P95',5,'2018-10-26 13:00:00','2018-10-26 17:00:00', 2,'L101','R104');



Insert into EVENTPLANLINE (PLANNO,LINENO,TIMESTART,TIMEEND,NUMBERFLD,LOCNO,RESNO) values ('P100',1,'2018-10-25 08:00:00','2018-10-25 017:00:00',2,'L100','R100');
Insert into EVENTPLANLINE (PLANNO,LINENO,TIMESTART,TIMEEND,NUMBERFLD,LOCNO,RESNO) values ('P100',2,'2018-10-25 12:00:00','2018-10-25 17:00:00', 2,'L101','R101');
Insert into EVENTPLANLINE (PLANNO,LINENO,TIMESTART,TIMEEND,NUMBERFLD,LOCNO,RESNO) values ('P100',3,'2018-10-25 07:00:00','2018-10-25 16:30:00', 1,'L102','R102');
Insert into EVENTPLANLINE (PLANNO,LINENO,TIMESTART,TIMEEND,NUMBERFLD,LOCNO,RESNO) values ('P100',4,'2018-10-25 18:00:00','2018-10-25 22:00:00', 2,'L100','R102');
Insert into EVENTPLANLINE (PLANNO,LINENO,TIMESTART,TIMEEND,NUMBERFLD,LOCNO,RESNO) values ('P101',1,'2018-12-03 18:00:00','2018-12-03 20:00:00', 2,'L103','R100');
Insert into EVENTPLANLINE (PLANNO,LINENO,TIMESTART,TIMEEND,NUMBERFLD,LOCNO,RESNO) values ('P101',2,'2018-12-03 18:30:00','2018-12-03 19:00:00', 4,'L105','R100');
Insert into EVENTPLANLINE (PLANNO,LINENO,TIMESTART,TIMEEND,NUMBERFLD,LOCNO,RESNO) values ('P101',3,'2018-12-03 19:00:00','2018-12-03 20:00:00', 2,'L103','R103');
Insert into EVENTPLANLINE (PLANNO,LINENO,TIMESTART,TIMEEND,NUMBERFLD,LOCNO,RESNO) values ('P102',1,'2018-12-05 18:00:00','2018-12-05 19:00:00', 2,'L103','R100');
Insert into EVENTPLANLINE (PLANNO,LINENO,TIMESTART,TIMEEND,NUMBERFLD,LOCNO,RESNO) values ('P102',2,'2018-12-05 18:00:00','2018-12-05 21:00:00', 4,'L105','R100');
Insert into EVENTPLANLINE (PLANNO,LINENO,TIMESTART,TIMEEND,NUMBERFLD,LOCNO,RESNO) values ('P102',3,'2018-12-05 19:00:00','2018-12-05 22:00:00', 2,'L103','R103');
Insert into EVENTPLANLINE (PLANNO,LINENO,TIMESTART,TIMEEND,NUMBERFLD,LOCNO,RESNO) values ('P103',1,'2018-12-12 18:00:00','2018-12-12 21:00:00', 2,'L103','R100');
Insert into EVENTPLANLINE (PLANNO,LINENO,TIMESTART,TIMEEND,NUMBERFLD,LOCNO,RESNO) values ('P103',2,'2018-12-12 18:00:00','2018-12-12 21:00:00', 4,'L105','R100');
Insert into EVENTPLANLINE (PLANNO,LINENO,TIMESTART,TIMEEND,NUMBERFLD,LOCNO,RESNO) values ('P103',3,'2018-12-12 19:00:00','2018-12-12 22:00:00', 2,'L103','R103');
Insert into EVENTPLANLINE (PLANNO,LINENO,TIMESTART,TIMEEND,NUMBERFLD,LOCNO,RESNO) values ('P104',1,'2018-10-26 18:00:00','2018-10-26 22:00:00', 4,'L101','R104');
Insert into EVENTPLANLINE (PLANNO,LINENO,TIMESTART,TIMEEND,NUMBERFLD,LOCNO,RESNO) values ('P104',2,'2018-10-26 18:00:00','2018-10-26 22:00:00', 4,'L100','R104');
Insert into EVENTPLANLINE (PLANNO,LINENO,TIMESTART,TIMEEND,NUMBERFLD,LOCNO,RESNO) values ('P105',1,'2018-10-25 18:00:00','2018-10-25 22:00:00', 4,'L101','R104');
Insert into EVENTPLANLINE (PLANNO,LINENO,TIMESTART,TIMEEND,NUMBERFLD,LOCNO,RESNO) values ('P105',2,'2018-10-25 18:00:00','2018-10-25 22:00:00', 4,'L100','R104');
Insert into EVENTPLANLINE (PLANNO,LINENO,TIMESTART,TIMEEND,NUMBERFLD,LOCNO,RESNO) values ('P199',1,'2018-12-10 08:00:00','2018-12-10 12:00:00', 1,'L100','R100');
Insert into EVENTPLANLINE (PLANNO,LINENO,TIMESTART,TIMEEND,NUMBERFLD,LOCNO,RESNO) values ('P349',1,'2018-12-10 12:00:00','2018-12-12 15:30:00', 1,'L103','R100');
Insert into EVENTPLANLINE (PLANNO,LINENO,TIMESTART,TIMEEND,NUMBERFLD,LOCNO,RESNO) values ('P85',1,'2018-10-25 09:00:00','2018-10-25 17:00:00',  5,'L100','R100');
Insert into EVENTPLANLINE (PLANNO,LINENO,TIMESTART,TIMEEND,NUMBERFLD,LOCNO,RESNO) values ('P85',2,'2018-10-25 08:00:00','2018-10-25 17:00:00',  2,'L102','R101');
Insert into EVENTPLANLINE (PLANNO,LINENO,TIMESTART,TIMEEND,NUMBERFLD,LOCNO,RESNO) values ('P85',3,'2018-10-25 10:00:00','2018-10-25 15:00:00',  3,'L104','R100');
Insert into EVENTPLANLINE (PLANNO,LINENO,TIMESTART,TIMEEND,NUMBERFLD,LOCNO,RESNO) values ('P95',1,'2018-10-26 08:00:00','2018-10-26 17:00:00',  4,'L100','R100');
Insert into EVENTPLANLINE (PLANNO,LINENO,TIMESTART,TIMEEND,NUMBERFLD,LOCNO,RESNO) values ('P95',2,'2018-10-26 09:00:00','2018-10-26 17:00:00',  4,'L102','R101');
Insert into EVENTPLANLINE (PLANNO,LINENO,TIMESTART,TIMEEND,NUMBERFLD,LOCNO,RESNO) values ('P95',3,'2018-10-26 10:00:00','2018-10-26 15:00:00',  4,'L106','R100');
Insert into EVENTPLANLINE (PLANNO,LINENO,TIMESTART,TIMEEND,NUMBERFLD,LOCNO,RESNO) values ('P95',4,'2018-10-26 13:00:00','2018-10-26 17:00:00', 2,'L100','R103');
Insert into EVENTPLANLINE (PLANNO,LINENO,TIMESTART,TIMEEND,NUMBERFLD,LOCNO,RESNO) values ('P95',5,'2018-10-26 13:00:00','2018-10-26 17:00:00', 2,'L101','R104');


